NAME	GS<br> follow link to MSigDB	GS DETAILS	SIZE	ES	NES	NOM p-val	FDR q-val	FWER p-val	RANK AT MAX	LEADING EDGE	
GO_MRNA_PROCESSING	GO_MRNA_PROCESSING	Details ...	23	0.58204454	2.5659986	0.0	0.006757642	0.004	304	tags=96%, list=40%, signal=153%	
GO_REGULATION_OF_MITOCHONDRION_ORGANIZATION	GO_REGULATION_OF_MITOCHONDRION_ORGANIZATION	Details ...	21	0.55127186	2.425027	0.0	0.0070313313	0.008	121	tags=62%, list=16%, signal=71%	
GO_GLIOGENESIS	GO_GLIOGENESIS	Details ...	17	0.6024581	2.4209852	0.0	0.004687554	0.008	236	tags=82%, list=31%, signal=116%	
GO_RNA_PROCESSING	GO_RNA_PROCESSING	Details ...	45	0.4452044	2.4173918	0.0	0.0035156657	0.008	288	tags=73%, list=37%, signal=110%	
GO_RNA_SPLICING_VIA_TRANSESTERIFICATION_REACTIONS	GO_RNA_SPLICING_VIA_TRANSESTERIFICATION_REACTIONS	Details ...	20	0.5694516	2.4042478	0.0	0.003875394	0.011	304	tags=95%, list=40%, signal=153%	
GO_RNA_SPLICING	GO_RNA_SPLICING	Details ...	25	0.5140994	2.3282552	0.0	0.008887139	0.03	304	tags=88%, list=40%, signal=141%	
GO_HOMOTYPIC_CELL_CELL_ADHESION	GO_HOMOTYPIC_CELL_CELL_ADHESION	Details ...	15	0.586207	2.1784742	0.0028409092	0.028424911	0.109	326	tags=100%, list=42%, signal=170%	
GO_CELL_JUNCTION_ORGANIZATION	GO_CELL_JUNCTION_ORGANIZATION	Details ...	46	0.38673508	2.164978	0.0	0.028091764	0.121	343	tags=85%, list=45%, signal=144%	
GO_CELL_MORPHOGENESIS_INVOLVED_IN_NEURON_DIFFERENTIATION	GO_CELL_MORPHOGENESIS_INVOLVED_IN_NEURON_DIFFERENTIATION	Details ...	24	0.47245803	2.132799	0.0032467532	0.034413237	0.164	296	tags=79%, list=38%, signal=125%	
GO_CELLULAR_COMPONENT_MORPHOGENESIS	GO_CELLULAR_COMPONENT_MORPHOGENESIS	Details ...	33	0.4335985	2.0868554	0.0	0.044925213	0.23	296	tags=76%, list=38%, signal=118%	
GO_CYTOPLASMIC_TRANSLATION	GO_CYTOPLASMIC_TRANSLATION	Details ...	24	0.45534015	2.0805695	0.0	0.042459358	0.239	219	tags=63%, list=28%, signal=85%	
GO_MESENCHYME_DEVELOPMENT	GO_MESENCHYME_DEVELOPMENT	Details ...	15	0.53810406	2.073699	0.0	0.041002423	0.252	324	tags=93%, list=42%, signal=158%	
GO_MUSCLE_CELL_DIFFERENTIATION	GO_MUSCLE_CELL_DIFFERENTIATION	Details ...	27	0.4418995	2.061123	0.0034843206	0.041307975	0.27	302	tags=81%, list=39%, signal=129%	
GO_REGULATION_OF_ORGANELLE_ORGANIZATION	GO_REGULATION_OF_ORGANELLE_ORGANIZATION	Details ...	67	0.33819902	2.0395029	0.0	0.04522531	0.311	162	tags=40%, list=21%, signal=47%	
GO_EPITHELIAL_CELL_DEVELOPMENT	GO_EPITHELIAL_CELL_DEVELOPMENT	Details ...	22	0.46326417	2.0303507	0.010238908	0.04461269	0.326	336	tags=91%, list=44%, signal=157%	
GO_NEUROGENESIS	GO_NEUROGENESIS	Details ...	70	0.32630387	2.018117	0.0	0.04572854	0.348	296	tags=64%, list=38%, signal=95%	
GO_DEVELOPMENTAL_GROWTH_INVOLVED_IN_MORPHOGENESIS	GO_DEVELOPMENTAL_GROWTH_INVOLVED_IN_MORPHOGENESIS	Details ...	15	0.522678	2.0164237	0.0025445293	0.0434441	0.352	340	tags=93%, list=44%, signal=164%	
GO_NEGATIVE_REGULATION_OF_ORGANELLE_ORGANIZATION	GO_NEGATIVE_REGULATION_OF_ORGANELLE_ORGANIZATION	Details ...	23	0.4573837	2.0121038	0.0032258064	0.04268863	0.365	66	tags=35%, list=9%, signal=37%	
GO_APOPTOTIC_MITOCHONDRIAL_CHANGES	GO_APOPTOTIC_MITOCHONDRIAL_CHANGES	Details ...	18	0.48694316	2.008434	0.0028653296	0.041747842	0.375	121	tags=56%, list=16%, signal=64%	
GO_ANATOMICAL_STRUCTURE_FORMATION_INVOLVED_IN_MORPHOGENESIS	GO_ANATOMICAL_STRUCTURE_FORMATION_INVOLVED_IN_MORPHOGENESIS	Details ...	59	0.34262735	1.9988085	0.0	0.042994253	0.399	319	tags=76%, list=41%, signal=120%	
GO_MUSCLE_STRUCTURE_DEVELOPMENT	GO_MUSCLE_STRUCTURE_DEVELOPMENT		40	0.3755928	1.9966155	0.0	0.041690916	0.404	307	tags=73%, list=40%, signal=114%	
GO_CELL_PART_MORPHOGENESIS	GO_CELL_PART_MORPHOGENESIS		27	0.42882046	1.9743948	0.0032051282	0.047034286	0.455	108	tags=37%, list=14%, signal=42%	
GO_POSITIVE_REGULATION_OF_ORGANELLE_ORGANIZATION	GO_POSITIVE_REGULATION_OF_ORGANELLE_ORGANIZATION		37	0.3754199	1.9617184	0.0038314175	0.048931092	0.476	202	tags=57%, list=26%, signal=73%	
GO_REGULATION_OF_PROTEIN_CONTAINING_COMPLEX_ASSEMBLY	GO_REGULATION_OF_PROTEIN_CONTAINING_COMPLEX_ASSEMBLY		24	0.42697164	1.9607542	0.0	0.047100212	0.477	91	tags=33%, list=12%, signal=37%	
GO_ESTABLISHMENT_OF_PROTEIN_LOCALIZATION_TO_ORGANELLE	GO_ESTABLISHMENT_OF_PROTEIN_LOCALIZATION_TO_ORGANELLE		67	0.31598315	1.9528058	0.0	0.049214877	0.509	87	tags=27%, list=11%, signal=28%	
GO_REGULATION_OF_NERVOUS_SYSTEM_DEVELOPMENT	GO_REGULATION_OF_NERVOUS_SYSTEM_DEVELOPMENT		35	0.3830954	1.946859	0.0	0.049859587	0.525	340	tags=83%, list=44%, signal=142%	
GO_SYNAPSE_ORGANIZATION	GO_SYNAPSE_ORGANIZATION		15	0.51641065	1.9438119	0.0057971017	0.049015135	0.537	97	tags=47%, list=13%, signal=52%	
GO_CELL_MORPHOGENESIS_INVOLVED_IN_DIFFERENTIATION	GO_CELL_MORPHOGENESIS_INVOLVED_IN_DIFFERENTIATION		39	0.3685669	1.937839	0.0038610038	0.049491964	0.551	296	tags=74%, list=38%, signal=115%	
GO_REGULATION_OF_VASCULATURE_DEVELOPMENT	GO_REGULATION_OF_VASCULATURE_DEVELOPMENT		23	0.4371052	1.9376426	0.009615385	0.047785345	0.551	337	tags=83%, list=44%, signal=143%	
GO_CELL_MORPHOGENESIS	GO_CELL_MORPHOGENESIS		54	0.33499584	1.9285703	0.0	0.049349893	0.569	296	tags=69%, list=38%, signal=104%	
GO_PROTEIN_LOCALIZATION_TO_ENDOPLASMIC_RETICULUM	GO_PROTEIN_LOCALIZATION_TO_ENDOPLASMIC_RETICULUM		41	0.34606218	1.9000677	0.0	0.058681518	0.645	49	tags=24%, list=6%, signal=25%	
GO_POSITIVE_REGULATION_OF_CELLULAR_COMPONENT_ORGANIZATION	GO_POSITIVE_REGULATION_OF_CELLULAR_COMPONENT_ORGANIZATION		60	0.32542938	1.8928792	0.0	0.059079763	0.656	132	tags=37%, list=17%, signal=41%	
GO_NEURON_DIFFERENTIATION	GO_NEURON_DIFFERENTIATION		58	0.32159445	1.8923898	0.0	0.057341278	0.656	120	tags=33%, list=16%, signal=36%	
GO_STRIATED_MUSCLE_CELL_DIFFERENTIATION	GO_STRIATED_MUSCLE_CELL_DIFFERENTIATION		19	0.46408767	1.8891284	0.0056657223	0.05680514	0.665	302	tags=84%, list=39%, signal=135%	
GO_REGULATION_OF_CELLULAR_COMPONENT_MOVEMENT	GO_REGULATION_OF_CELLULAR_COMPONENT_MOVEMENT		82	0.29334491	1.881755	0.0	0.057699475	0.681	114	tags=30%, list=15%, signal=32%	
GO_REGULATION_OF_APOPTOTIC_SIGNALING_PATHWAY	GO_REGULATION_OF_APOPTOTIC_SIGNALING_PATHWAY		46	0.34129545	1.8807052	0.0	0.056384753	0.682	121	tags=39%, list=16%, signal=44%	
GO_NEGATIVE_REGULATION_OF_CELLULAR_COMPONENT_ORGANIZATION	GO_NEGATIVE_REGULATION_OF_CELLULAR_COMPONENT_ORGANIZATION		44	0.32645017	1.8508492	0.007843138	0.06682808	0.759	66	tags=27%, list=9%, signal=28%	
GO_EMBRYO_DEVELOPMENT_ENDING_IN_BIRTH_OR_EGG_HATCHING	GO_EMBRYO_DEVELOPMENT_ENDING_IN_BIRTH_OR_EGG_HATCHING		26	0.40131426	1.8504316	0.013377926	0.0652612	0.76	307	tags=81%, list=40%, signal=130%	
GO_CELL_JUNCTION_ASSEMBLY	GO_CELL_JUNCTION_ASSEMBLY		34	0.36857587	1.8399373	0.003968254	0.068177216	0.784	343	tags=85%, list=45%, signal=147%	
GO_POSITIVE_REGULATION_OF_CELLULAR_COMPONENT_MOVEMENT	GO_POSITIVE_REGULATION_OF_CELLULAR_COMPONENT_MOVEMENT		51	0.32321268	1.835035	0.005154639	0.0690104	0.794	324	tags=73%, list=42%, signal=117%	
GO_COTRANSLATIONAL_PROTEIN_TARGETING_TO_MEMBRANE	GO_COTRANSLATIONAL_PROTEIN_TARGETING_TO_MEMBRANE		35	0.3558548	1.8314009	0.004048583	0.06967771	0.805	49	tags=26%, list=6%, signal=26%	
GO_POSITIVE_REGULATION_OF_NERVOUS_SYSTEM_DEVELOPMENT	GO_POSITIVE_REGULATION_OF_NERVOUS_SYSTEM_DEVELOPMENT		18	0.4364485	1.8206718	0.014705882	0.07263133	0.826	340	tags=89%, list=44%, signal=156%	
GO_NEGATIVE_REGULATION_OF_APOPTOTIC_SIGNALING_PATHWAY	GO_NEGATIVE_REGULATION_OF_APOPTOTIC_SIGNALING_PATHWAY		29	0.37441313	1.810594	0.010204081	0.074875854	0.842	121	tags=41%, list=16%, signal=47%	
GO_NUCLEAR_TRANSCRIBED_MRNA_CATABOLIC_PROCESS_NONSENSE_MEDIATED_DECAY	GO_NUCLEAR_TRANSCRIBED_MRNA_CATABOLIC_PROCESS_NONSENSE_MEDIATED_DECAY		35	0.35743573	1.8104671	0.0	0.07321298	0.842	49	tags=26%, list=6%, signal=26%	
GO_ACTIN_FILAMENT_BASED_PROCESS	GO_ACTIN_FILAMENT_BASED_PROCESS		58	0.29467788	1.7853997	0.004901961	0.084795065	0.892	272	tags=60%, list=35%, signal=86%	
GO_APOPTOTIC_SIGNALING_PATHWAY	GO_APOPTOTIC_SIGNALING_PATHWAY		57	0.30997896	1.780606	0.0	0.08557077	0.9	121	tags=37%, list=16%, signal=40%	
GO_SKIN_DEVELOPMENT	GO_SKIN_DEVELOPMENT		30	0.3653427	1.7740378	0.010344828	0.08705497	0.908	192	tags=57%, list=25%, signal=73%	
GO_EXTRINSIC_APOPTOTIC_SIGNALING_PATHWAY	GO_EXTRINSIC_APOPTOTIC_SIGNALING_PATHWAY		19	0.42751485	1.7684497	0.02153846	0.08826642	0.917	187	tags=58%, list=24%, signal=75%	
GO_PROTEIN_LOCALIZATION_TO_ORGANELLE	GO_PROTEIN_LOCALIZATION_TO_ORGANELLE		86	0.2629284	1.7681749	0.006666667	0.08670883	0.917	88	tags=23%, list=11%, signal=23%	
GO_TRANSMEMBRANE_RECEPTOR_PROTEIN_TYROSINE_KINASE_SIGNALING_PATHWAY	GO_TRANSMEMBRANE_RECEPTOR_PROTEIN_TYROSINE_KINASE_SIGNALING_PATHWAY		43	0.33365557	1.7634997	0.0	0.08798754	0.921	285	tags=72%, list=37%, signal=108%	
GO_NEURON_DEVELOPMENT	GO_NEURON_DEVELOPMENT		49	0.31874546	1.7563282	0.004484305	0.09083608	0.932	120	tags=33%, list=16%, signal=36%	
GO_SUPRAMOLECULAR_FIBER_ORGANIZATION	GO_SUPRAMOLECULAR_FIBER_ORGANIZATION		47	0.30900162	1.7493453	0.0125	0.09306582	0.939	279	tags=64%, list=36%, signal=94%	
GO_ESTABLISHMENT_OF_PROTEIN_LOCALIZATION_TO_ENDOPLASMIC_RETICULUM	GO_ESTABLISHMENT_OF_PROTEIN_LOCALIZATION_TO_ENDOPLASMIC_RETICULUM		36	0.35175273	1.744202	0.019011406	0.09418871	0.945	49	tags=25%, list=6%, signal=25%	
GO_CELLULAR_RESPONSE_TO_PEPTIDE_HORMONE_STIMULUS	GO_CELLULAR_RESPONSE_TO_PEPTIDE_HORMONE_STIMULUS		17	0.4358882	1.7389917	0.016172506	0.09535119	0.949	210	tags=65%, list=27%, signal=87%	
GO_POSITIVE_REGULATION_OF_CELL_DEATH	GO_POSITIVE_REGULATION_OF_CELL_DEATH		48	0.31065992	1.7343805	0.029268293	0.09624332	0.953	123	tags=33%, list=16%, signal=37%	
GO_NUCLEAR_TRANSCRIBED_MRNA_CATABOLIC_PROCESS	GO_NUCLEAR_TRANSCRIBED_MRNA_CATABOLIC_PROCESS		39	0.32856175	1.7195485	0.013100437	0.103629746	0.96	49	tags=23%, list=6%, signal=23%	
GO_ESTABLISHMENT_OF_PROTEIN_LOCALIZATION_TO_MEMBRANE	GO_ESTABLISHMENT_OF_PROTEIN_LOCALIZATION_TO_MEMBRANE		52	0.29890573	1.7169209	0.009009009	0.10347886	0.964	219	tags=48%, list=28%, signal=63%	
GO_IN_UTERO_EMBRYONIC_DEVELOPMENT	GO_IN_UTERO_EMBRYONIC_DEVELOPMENT		23	0.37850744	1.6914417	0.006060606	0.11872801	0.979	307	tags=78%, list=40%, signal=126%	
GO_RESPONSE_TO_STEROID_HORMONE	GO_RESPONSE_TO_STEROID_HORMONE		29	0.3541601	1.6847477	0.016778523	0.1216595	0.982	74	tags=38%, list=10%, signal=40%	
GO_REGULATION_OF_VESICLE_MEDIATED_TRANSPORT	GO_REGULATION_OF_VESICLE_MEDIATED_TRANSPORT		29	0.3536103	1.6808997	0.011111111	0.12246387	0.984	201	tags=62%, list=26%, signal=81%	
GO_MEMBRANE_ORGANIZATION	GO_MEMBRANE_ORGANIZATION		67	0.26499373	1.680258	0.005882353	0.12084332	0.984	197	tags=43%, list=26%, signal=53%	
GO_PROTEIN_TARGETING	GO_PROTEIN_TARGETING		59	0.2846315	1.6774465	0.010256411	0.12069882	0.984	87	tags=25%, list=11%, signal=26%	
GO_POSITIVE_REGULATION_OF_EPITHELIAL_CELL_MIGRATION	GO_POSITIVE_REGULATION_OF_EPITHELIAL_CELL_MIGRATION		18	0.4044047	1.6757371	0.0295858	0.11993338	0.986	52	tags=28%, list=7%, signal=29%	
GO_CELL_PROJECTION_ORGANIZATION	GO_CELL_PROJECTION_ORGANIZATION		65	0.28094313	1.6754884	0.009090909	0.118229486	0.987	120	tags=29%, list=16%, signal=32%	
GO_WOUND_HEALING	GO_WOUND_HEALING		46	0.30771753	1.672533	0.021645023	0.11820178	0.989	326	tags=78%, list=42%, signal=128%	
GO_RESPONSE_TO_ORGANIC_CYCLIC_COMPOUND	GO_RESPONSE_TO_ORGANIC_CYCLIC_COMPOUND		75	0.26899004	1.6722087	0.011494253	0.11661898	0.989	74	tags=24%, list=10%, signal=24%	
GO_CYTOSKELETON_ORGANIZATION	GO_CYTOSKELETON_ORGANIZATION		72	0.2651432	1.6684697	0.011627907	0.11741947	0.992	279	tags=58%, list=36%, signal=83%	
GO_CELLULAR_RESPONSE_TO_PEPTIDE	GO_CELLULAR_RESPONSE_TO_PEPTIDE		20	0.3936095	1.6680588	0.028846154	0.115797654	0.992	210	tags=60%, list=27%, signal=80%	
GO_CELL_MOTILITY	GO_CELL_MOTILITY		108	0.24862824	1.665315	0.0	0.115860865	0.993	114	tags=27%, list=15%, signal=27%	
GO_TRANSLATIONAL_INITIATION	GO_TRANSLATIONAL_INITIATION		45	0.30919006	1.6559113	0.008403362	0.11997379	0.995	49	tags=22%, list=6%, signal=22%	
GO_EPIDERMIS_DEVELOPMENT	GO_EPIDERMIS_DEVELOPMENT		36	0.30327234	1.6548332	0.02811245	0.11901179	0.995	192	tags=53%, list=25%, signal=67%	
GO_VIRAL_GENE_EXPRESSION	GO_VIRAL_GENE_EXPRESSION		42	0.3056184	1.6443493	0.023076924	0.12454926	0.996	49	tags=21%, list=6%, signal=22%	
GO_RESPONSE_TO_LIPID	GO_RESPONSE_TO_LIPID		59	0.28330204	1.6420219	0.024271844	0.124317564	0.997	79	tags=27%, list=10%, signal=28%	
GO_NUCLEAR_TRANSPORT	GO_NUCLEAR_TRANSPORT		20	0.38364816	1.635225	0.02866242	0.12776394	0.997	401	tags=90%, list=52%, signal=183%	
GO_ENZYME_LINKED_RECEPTOR_PROTEIN_SIGNALING_PATHWAY	GO_ENZYME_LINKED_RECEPTOR_PROTEIN_SIGNALING_PATHWAY		57	0.28135535	1.6275221	0.013636364	0.1314874	0.998	286	tags=65%, list=37%, signal=96%	
GO_RESPONSE_TO_WOUNDING	GO_RESPONSE_TO_WOUNDING		57	0.2677213	1.620594	0.015151516	0.13558924	0.998	326	tags=74%, list=42%, signal=118%	
GO_CELL_CELL_JUNCTION_ORGANIZATION	GO_CELL_CELL_JUNCTION_ORGANIZATION		27	0.34177494	1.6113236	0.021428572	0.14123186	1.0	295	tags=74%, list=38%, signal=116%	
GO_CELLULAR_MACROMOLECULE_CATABOLIC_PROCESS	GO_CELLULAR_MACROMOLECULE_CATABOLIC_PROCESS		81	0.2510001	1.6101141	0.006993007	0.14018422	1.0	76	tags=20%, list=10%, signal=20%	
GO_KERATINOCYTE_DIFFERENTIATION	GO_KERATINOCYTE_DIFFERENTIATION		20	0.38531265	1.6084673	0.0375	0.13986936	1.0	192	tags=65%, list=25%, signal=84%	
GO_OSSIFICATION	GO_OSSIFICATION		18	0.39363185	1.6073009	0.024024025	0.13908179	1.0	280	tags=67%, list=36%, signal=102%	
GO_EXTRACELLULAR_STRUCTURE_ORGANIZATION	GO_EXTRACELLULAR_STRUCTURE_ORGANIZATION		21	0.37334377	1.6034137	0.041009463	0.14033088	1.0	319	tags=86%, list=41%, signal=142%	
GO_EMBRYONIC_MORPHOGENESIS	GO_EMBRYONIC_MORPHOGENESIS		23	0.3538869	1.6028175	0.029220778	0.13911587	1.0	317	tags=83%, list=41%, signal=136%	
GO_REGULATION_OF_NEURON_DIFFERENTIATION	GO_REGULATION_OF_NEURON_DIFFERENTIATION		24	0.36746186	1.5966885	0.054237287	0.14209501	1.0	340	tags=83%, list=44%, signal=145%	
GO_CHROMOSOME_ORGANIZATION	GO_CHROMOSOME_ORGANIZATION		25	0.34822455	1.5944974	0.045751635	0.14164796	1.0	105	tags=32%, list=14%, signal=36%	
GO_PROTEIN_TARGETING_TO_MEMBRANE	GO_PROTEIN_TARGETING_TO_MEMBRANE		41	0.30140582	1.5898582	0.04347826	0.14377885	1.0	49	tags=22%, list=6%, signal=22%	
GO_CELLULAR_RESPONSE_TO_CHEMICAL_STRESS	GO_CELLULAR_RESPONSE_TO_CHEMICAL_STRESS		35	0.31646755	1.5882181	0.023346303	0.14333501	1.0	125	tags=40%, list=16%, signal=46%	
GO_NCRNA_PROCESSING	GO_NCRNA_PROCESSING		16	0.40477428	1.582934	0.05982906	0.14520645	1.0	421	tags=94%, list=55%, signal=203%	
GO_POSITIVE_REGULATION_OF_CYTOKINE_PRODUCTION	GO_POSITIVE_REGULATION_OF_CYTOKINE_PRODUCTION		28	0.33204088	1.5756205	0.042345278	0.14928672	1.0	97	tags=36%, list=13%, signal=39%	
GO_REGULATION_OF_CELL_DEVELOPMENT	GO_REGULATION_OF_CELL_DEVELOPMENT		41	0.2905957	1.5740662	0.036734693	0.1490823	1.0	340	tags=80%, list=44%, signal=137%	
GO_PROTEIN_LOCALIZATION_TO_MEMBRANE	GO_PROTEIN_LOCALIZATION_TO_MEMBRANE		76	0.24583718	1.5740001	0.01724138	0.14742583	1.0	49	tags=18%, list=6%, signal=18%	
GO_EPITHELIAL_CELL_DIFFERENTIATION	GO_EPITHELIAL_CELL_DIFFERENTIATION		60	0.26551408	1.5735551	0.03686636	0.14605545	1.0	148	tags=38%, list=19%, signal=44%	
GO_COAGULATION	GO_COAGULATION		24	0.3485093	1.5564047	0.05732484	0.15829277	1.0	340	tags=83%, list=44%, signal=145%	
GO_REGULATION_OF_ENDOTHELIAL_CELL_MIGRATION	GO_REGULATION_OF_ENDOTHELIAL_CELL_MIGRATION		15	0.40217018	1.5519589	0.039039038	0.16033883	1.0	52	tags=27%, list=7%, signal=28%	
GO_RESPONSE_TO_OXIDATIVE_STRESS	GO_RESPONSE_TO_OXIDATIVE_STRESS		50	0.27823633	1.5479385	0.049327355	0.16203223	1.0	125	tags=36%, list=16%, signal=40%	
GO_NEURON_APOPTOTIC_PROCESS	GO_NEURON_APOPTOTIC_PROCESS		15	0.41867137	1.5443937	0.07692308	0.16348939	1.0	223	tags=60%, list=29%, signal=83%	
GO_EPIDERMAL_CELL_DIFFERENTIATION	GO_EPIDERMAL_CELL_DIFFERENTIATION		27	0.32751533	1.5396916	0.04918033	0.16592878	1.0	171	tags=52%, list=22%, signal=64%	
GO_CELL_MATRIX_ADHESION	GO_CELL_MATRIX_ADHESION		18	0.36141247	1.5352412	0.05900621	0.16841847	1.0	336	tags=83%, list=44%, signal=145%	
GO_REGULATION_OF_CELLULAR_AMIDE_METABOLIC_PROCESS	GO_REGULATION_OF_CELLULAR_AMIDE_METABOLIC_PROCESS		28	0.3251691	1.5217917	0.054347824	0.17831628	1.0	216	tags=50%, list=28%, signal=67%	
GO_CELLULAR_RESPONSE_TO_NITROGEN_COMPOUND	GO_CELLULAR_RESPONSE_TO_NITROGEN_COMPOUND		42	0.281392	1.5194466	0.03292181	0.1785731	1.0	210	tags=48%, list=27%, signal=62%	
GO_AXON_DEVELOPMENT	GO_AXON_DEVELOPMENT		23	0.34623262	1.5171512	0.05379747	0.17896791	1.0	274	tags=65%, list=36%, signal=98%	
GO_PEPTIDE_BIOSYNTHETIC_PROCESS	GO_PEPTIDE_BIOSYNTHETIC_PROCESS		74	0.24501693	1.5121107	0.029940119	0.18206419	1.0	219	tags=43%, list=28%, signal=55%	
GO_ENDOMEMBRANE_SYSTEM_ORGANIZATION	GO_ENDOMEMBRANE_SYSTEM_ORGANIZATION		22	0.3477503	1.5091671	0.059347183	0.18311569	1.0	43	tags=23%, list=6%, signal=23%	
GO_REGULATION_OF_CELLULAR_LOCALIZATION	GO_REGULATION_OF_CELLULAR_LOCALIZATION		60	0.25474277	1.5090275	0.028089888	0.18143633	1.0	277	tags=58%, list=36%, signal=84%	
GO_MAINTENANCE_OF_LOCATION_IN_CELL	GO_MAINTENANCE_OF_LOCATION_IN_CELL		20	0.35000136	1.5062336	0.06666667	0.18231572	1.0	73	tags=25%, list=9%, signal=27%	
GO_EPITHELIUM_DEVELOPMENT	GO_EPITHELIUM_DEVELOPMENT		86	0.23039362	1.5060265	0.011173184	0.18069951	1.0	148	tags=33%, list=19%, signal=36%	
GO_CELLULAR_MACROMOLECULE_LOCALIZATION	GO_CELLULAR_MACROMOLECULE_LOCALIZATION		138	0.22224976	1.5032964	0.009009009	0.18159117	1.0	51	tags=15%, list=7%, signal=13%	
GO_POSITIVE_REGULATION_OF_PROTEOLYSIS	GO_POSITIVE_REGULATION_OF_PROTEOLYSIS		28	0.31351677	1.4991747	0.0776699	0.18407044	1.0	192	tags=46%, list=25%, signal=60%	
GO_VESICLE_ORGANIZATION	GO_VESICLE_ORGANIZATION		15	0.3898976	1.4917216	0.08215298	0.18925112	1.0	145	tags=40%, list=19%, signal=48%	
GO_MRNA_METABOLIC_PROCESS	GO_MRNA_METABOLIC_PROCESS		78	0.23636103	1.484749	0.017142856	0.19448677	1.0	288	tags=55%, list=37%, signal=79%	
GO_PROTEIN_KINASE_B_SIGNALING	GO_PROTEIN_KINASE_B_SIGNALING		18	0.35939083	1.4749717	0.09281437	0.20268819	1.0	111	tags=33%, list=14%, signal=38%	
GO_NEGATIVE_REGULATION_OF_CELL_DEVELOPMENT	GO_NEGATIVE_REGULATION_OF_CELL_DEVELOPMENT		16	0.38140532	1.4687406	0.08196721	0.20727094	1.0	296	tags=75%, list=38%, signal=119%	
GO_CELLULAR_COMPONENT_DISASSEMBLY	GO_CELLULAR_COMPONENT_DISASSEMBLY		27	0.3146889	1.4668472	0.08219178	0.20730534	1.0	251	tags=63%, list=33%, signal=90%	
GO_INTRACELLULAR_TRANSPORT	GO_INTRACELLULAR_TRANSPORT		128	0.20754483	1.4624026	0.01923077	0.21015874	1.0	202	tags=36%, list=26%, signal=41%	
GO_REGULATION_OF_CELLULAR_RESPONSE_TO_GROWTH_FACTOR_STIMULUS	GO_REGULATION_OF_CELLULAR_RESPONSE_TO_GROWTH_FACTOR_STIMULUS		16	0.3751989	1.4576827	0.096045196	0.21264383	1.0	337	tags=81%, list=44%, signal=142%	
GO_POSITIVE_REGULATION_OF_EPITHELIAL_CELL_PROLIFERATION	GO_POSITIVE_REGULATION_OF_EPITHELIAL_CELL_PROLIFERATION		15	0.3840338	1.4551305	0.08933718	0.21349601	1.0	73	tags=40%, list=9%, signal=43%	
GO_MACROMOLECULE_CATABOLIC_PROCESS	GO_MACROMOLECULE_CATABOLIC_PROCESS		98	0.21930692	1.4543475	0.043165468	0.2125414	1.0	76	tags=18%, list=10%, signal=18%	
GO_RIBOSOME_BIOGENESIS	GO_RIBOSOME_BIOGENESIS		20	0.3421202	1.4494534	0.09192201	0.2153433	1.0	214	tags=50%, list=28%, signal=67%	
GO_CHROMATIN_ORGANIZATION	GO_CHROMATIN_ORGANIZATION		16	0.37345812	1.4468514	0.087671235	0.2163299	1.0	246	tags=63%, list=32%, signal=90%	
GO_REGULATION_OF_NEURON_PROJECTION_DEVELOPMENT	GO_REGULATION_OF_NEURON_PROJECTION_DEVELOPMENT		18	0.35798752	1.4448681	0.08913649	0.21660738	1.0	340	tags=83%, list=44%, signal=146%	
GO_CELLULAR_RESPONSE_TO_ORGANIC_CYCLIC_COMPOUND	GO_CELLULAR_RESPONSE_TO_ORGANIC_CYCLIC_COMPOUND		43	0.25344905	1.4436476	0.06866953	0.21619599	1.0	120	tags=33%, list=16%, signal=36%	
GO_REGULATION_OF_TRANSFERASE_ACTIVITY	GO_REGULATION_OF_TRANSFERASE_ACTIVITY		51	0.24986674	1.4430661	0.04608295	0.21488805	1.0	120	tags=29%, list=16%, signal=33%	
GO_REGULATION_OF_CELLULAR_PROTEIN_LOCALIZATION	GO_REGULATION_OF_CELLULAR_PROTEIN_LOCALIZATION		40	0.26334238	1.4430164	0.058091287	0.21318239	1.0	165	tags=38%, list=21%, signal=45%	
GO_RESPONSE_TO_GROWTH_FACTOR	GO_RESPONSE_TO_GROWTH_FACTOR		47	0.25911093	1.4428084	0.06140351	0.21166255	1.0	286	tags=57%, list=37%, signal=86%	
GO_RNA_CATABOLIC_PROCESS	GO_RNA_CATABOLIC_PROCESS		56	0.24318655	1.4379158	0.052863438	0.2153781	1.0	49	tags=18%, list=6%, signal=18%	
GO_ESTABLISHMENT_OR_MAINTENANCE_OF_CELL_POLARITY	GO_ESTABLISHMENT_OR_MAINTENANCE_OF_CELL_POLARITY		19	0.34360301	1.4366378	0.1037464	0.21496856	1.0	294	tags=68%, list=38%, signal=108%	
GO_GLAND_DEVELOPMENT	GO_GLAND_DEVELOPMENT		35	0.27767906	1.4293035	0.08791209	0.220525	1.0	143	tags=37%, list=19%, signal=44%	
GO_DEVELOPMENTAL_MATURATION	GO_DEVELOPMENTAL_MATURATION		15	0.3813003	1.4238544	0.09798995	0.2246764	1.0	241	tags=73%, list=31%, signal=105%	
GO_CALCIUM_ION_TRANSMEMBRANE_TRANSPORT	GO_CALCIUM_ION_TRANSMEMBRANE_TRANSPORT		15	0.35994184	1.4194316	0.10670732	0.2277227	1.0	277	tags=67%, list=36%, signal=102%	
GO_NEGATIVE_REGULATION_OF_INTRINSIC_APOPTOTIC_SIGNALING_PATHWAY	GO_NEGATIVE_REGULATION_OF_INTRINSIC_APOPTOTIC_SIGNALING_PATHWAY		15	0.3760578	1.4156471	0.12138728	0.22980858	1.0	121	tags=47%, list=16%, signal=54%	
GO_REGULATION_OF_EPITHELIAL_CELL_MIGRATION	GO_REGULATION_OF_EPITHELIAL_CELL_MIGRATION		23	0.32323465	1.4142389	0.1	0.22927012	1.0	52	tags=22%, list=7%, signal=23%	
GO_REGULATION_OF_SUPRAMOLECULAR_FIBER_ORGANIZATION	GO_REGULATION_OF_SUPRAMOLECULAR_FIBER_ORGANIZATION		27	0.2993407	1.4122517	0.11419753	0.2297532	1.0	97	tags=26%, list=13%, signal=29%	
GO_NEGATIVE_REGULATION_OF_DEVELOPMENTAL_PROCESS	GO_NEGATIVE_REGULATION_OF_DEVELOPMENTAL_PROCESS		48	0.24661283	1.4120773	0.07727273	0.22820987	1.0	192	tags=44%, list=25%, signal=55%	
GO_REGULATION_OF_PROTEIN_CATABOLIC_PROCESS	GO_REGULATION_OF_PROTEIN_CATABOLIC_PROCESS		24	0.30445337	1.4113346	0.11490683	0.2274897	1.0	132	tags=33%, list=17%, signal=39%	
GO_REGULATION_OF_CELLULAR_PROTEIN_CATABOLIC_PROCESS	GO_REGULATION_OF_CELLULAR_PROTEIN_CATABOLIC_PROCESS		17	0.35363045	1.4101342	0.11484594	0.22717223	1.0	76	tags=29%, list=10%, signal=32%	
GO_MUSCLE_TISSUE_DEVELOPMENT	GO_MUSCLE_TISSUE_DEVELOPMENT		22	0.32831943	1.4090427	0.09756097	0.22680424	1.0	307	tags=68%, list=40%, signal=110%	
GO_APOPTOTIC_PROCESS	GO_APOPTOTIC_PROCESS		133	0.19862318	1.4018505	0.039215688	0.23287359	1.0	134	tags=26%, list=17%, signal=26%	
GO_AMIDE_BIOSYNTHETIC_PROCESS	GO_AMIDE_BIOSYNTHETIC_PROCESS		88	0.21992932	1.3991	0.08522727	0.23382592	1.0	225	tags=42%, list=29%, signal=53%	
GO_POSITIVE_REGULATION_OF_TRANSCRIPTION_BY_RNA_POLYMERASE_II	GO_POSITIVE_REGULATION_OF_TRANSCRIPTION_BY_RNA_POLYMERASE_II		38	0.2639043	1.3989558	0.05676856	0.23224582	1.0	245	tags=53%, list=32%, signal=73%	
GO_EMBRYO_DEVELOPMENT	GO_EMBRYO_DEVELOPMENT		48	0.25345722	1.3977289	0.057777777	0.23188217	1.0	337	tags=75%, list=44%, signal=125%	
GO_NEGATIVE_REGULATION_OF_NERVOUS_SYSTEM_DEVELOPMENT	GO_NEGATIVE_REGULATION_OF_NERVOUS_SYSTEM_DEVELOPMENT		15	0.3674434	1.3974763	0.095744684	0.23046821	1.0	296	tags=73%, list=38%, signal=117%	
GO_RIBONUCLEOPROTEIN_COMPLEX_BIOGENESIS	GO_RIBONUCLEOPROTEIN_COMPLEX_BIOGENESIS		35	0.26725367	1.3921288	0.10150376	0.2345659	1.0	260	tags=51%, list=34%, signal=74%	
GO_CELL_PROJECTION_ASSEMBLY	GO_CELL_PROJECTION_ASSEMBLY		21	0.31985834	1.3860855	0.12883435	0.23941244	1.0	320	tags=76%, list=42%, signal=127%	
GO_POSITIVE_REGULATION_OF_CELL_POPULATION_PROLIFERATION	GO_POSITIVE_REGULATION_OF_CELL_POPULATION_PROLIFERATION		62	0.22890764	1.3849111	0.072164945	0.2391303	1.0	81	tags=21%, list=11%, signal=22%	
GO_CIRCULATORY_SYSTEM_DEVELOPMENT	GO_CIRCULATORY_SYSTEM_DEVELOPMENT		63	0.22945972	1.3799206	0.08040201	0.2431806	1.0	321	tags=65%, list=42%, signal=103%	
GO_ANIMAL_ORGAN_MORPHOGENESIS	GO_ANIMAL_ORGAN_MORPHOGENESIS		58	0.239984	1.3797258	0.06	0.24169779	1.0	145	tags=31%, list=19%, signal=35%	
GO_SYNAPTIC_SIGNALING	GO_SYNAPTIC_SIGNALING		16	0.3482228	1.3764738	0.125	0.24332619	1.0	178	tags=56%, list=23%, signal=72%	
GO_ORGANELLE_ASSEMBLY	GO_ORGANELLE_ASSEMBLY		38	0.26851133	1.3745493	0.09803922	0.2439381	1.0	305	tags=63%, list=40%, signal=100%	
GO_NCRNA_METABOLIC_PROCESS	GO_NCRNA_METABOLIC_PROCESS		17	0.34471366	1.3654376	0.11357341	0.25223845	1.0	421	tags=88%, list=55%, signal=191%	
GO_SENSORY_ORGAN_DEVELOPMENT	GO_SENSORY_ORGAN_DEVELOPMENT		22	0.31258026	1.362444	0.12349398	0.2536273	1.0	307	tags=73%, list=40%, signal=118%	
GO_FOREBRAIN_DEVELOPMENT	GO_FOREBRAIN_DEVELOPMENT		16	0.34756064	1.3621194	0.15714286	0.25231	1.0	97	tags=44%, list=13%, signal=49%	
GO_REGULATION_OF_ACTIN_FILAMENT_LENGTH	GO_REGULATION_OF_ACTIN_FILAMENT_LENGTH		15	0.35246933	1.3574034	0.14626865	0.2563308	1.0	243	tags=60%, list=32%, signal=86%	
GO_INTRACELLULAR_PROTEIN_TRANSPORT	GO_INTRACELLULAR_PROTEIN_TRANSPORT		93	0.20628272	1.3477765	0.05421687	0.26618442	1.0	202	tags=37%, list=26%, signal=44%	
GO_POSITIVE_REGULATION_OF_CELL_CYCLE	GO_POSITIVE_REGULATION_OF_CELL_CYCLE		18	0.33001295	1.3450361	0.16	0.26785037	1.0	110	tags=33%, list=14%, signal=38%	
GO_MITOCHONDRIAL_TRANSPORT	GO_MITOCHONDRIAL_TRANSPORT		29	0.27410018	1.3385512	0.124542125	0.27405563	1.0	189	tags=45%, list=25%, signal=57%	
GO_CELL_CELL_JUNCTION_ASSEMBLY	GO_CELL_CELL_JUNCTION_ASSEMBLY		21	0.32335111	1.3384284	0.12658228	0.27245942	1.0	274	tags=71%, list=36%, signal=108%	
GO_MUSCLE_ORGAN_DEVELOPMENT	GO_MUSCLE_ORGAN_DEVELOPMENT		15	0.35908416	1.326598	0.15492958	0.28573054	1.0	337	tags=73%, list=44%, signal=128%	
GO_CELL_CELL_ADHESION	GO_CELL_CELL_ADHESION		63	0.22289568	1.3263512	0.1185567	0.2841488	1.0	85	tags=22%, list=11%, signal=23%	
GO_CELL_GROWTH	GO_CELL_GROWTH		28	0.28678304	1.3237884	0.11888112	0.2853736	1.0	340	tags=71%, list=44%, signal=123%	
GO_ENDOCYTOSIS	GO_ENDOCYTOSIS		31	0.26373437	1.3211008	0.13432837	0.28695345	1.0	238	tags=58%, list=31%, signal=81%	
GO_NEURON_DEATH	GO_NEURON_DEATH		23	0.30238366	1.3188442	0.14983714	0.2880521	1.0	235	tags=52%, list=31%, signal=73%	
GO_CELLULAR_OXIDANT_DETOXIFICATION	GO_CELLULAR_OXIDANT_DETOXIFICATION		19	0.31626117	1.3167893	0.13946587	0.28860074	1.0	125	tags=42%, list=16%, signal=49%	
GO_PROTEIN_POLYMERIZATION	GO_PROTEIN_POLYMERIZATION		16	0.32925618	1.3167386	0.14454277	0.2869184	1.0	37	tags=19%, list=5%, signal=19%	
GO_REGULATION_OF_PROTEIN_KINASE_ACTIVITY	GO_REGULATION_OF_PROTEIN_KINASE_ACTIVITY		42	0.23866689	1.316378	0.13934426	0.285534	1.0	120	tags=29%, list=16%, signal=32%	
GO_MITOCHONDRION_ORGANIZATION	GO_MITOCHONDRION_ORGANIZATION		57	0.2225576	1.3022008	0.14084508	0.30205634	1.0	87	tags=23%, list=11%, signal=24%	
GO_POSITIVE_REGULATION_OF_INTRACELLULAR_TRANSPORT	GO_POSITIVE_REGULATION_OF_INTRACELLULAR_TRANSPORT		18	0.3350023	1.3008379	0.16618076	0.30196643	1.0	110	tags=39%, list=14%, signal=44%	
GO_REGULATION_OF_INTRACELLULAR_PROTEIN_TRANSPORT	GO_REGULATION_OF_INTRACELLULAR_PROTEIN_TRANSPORT		18	0.32607228	1.2988421	0.18404908	0.3025749	1.0	164	tags=44%, list=21%, signal=55%	
GO_PEPTIDE_METABOLIC_PROCESS	GO_PEPTIDE_METABOLIC_PROCESS		97	0.19221033	1.2941984	0.0738255	0.3066052	1.0	219	tags=40%, list=28%, signal=49%	
GO_REGULATION_OF_PROTEIN_POLYMERIZATION	GO_REGULATION_OF_PROTEIN_POLYMERIZATION		15	0.34136468	1.2926503	0.18598382	0.30682823	1.0	37	tags=20%, list=5%, signal=21%	
GO_CENTRAL_NERVOUS_SYSTEM_DEVELOPMENT	GO_CENTRAL_NERVOUS_SYSTEM_DEVELOPMENT		47	0.22852337	1.2920191	0.15315315	0.30595285	1.0	265	tags=55%, list=34%, signal=79%	
GO_VASCULATURE_DEVELOPMENT	GO_VASCULATURE_DEVELOPMENT		46	0.22628623	1.2906437	0.15086207	0.30599275	1.0	340	tags=70%, list=44%, signal=117%	
GO_EXOCYTOSIS	GO_EXOCYTOSIS		85	0.20078339	1.2878304	0.13157895	0.3077953	1.0	144	tags=33%, list=19%, signal=36%	
GO_HEART_DEVELOPMENT	GO_HEART_DEVELOPMENT		25	0.27933598	1.2809502	0.20875421	0.3153028	1.0	286	tags=64%, list=37%, signal=99%	
GO_ACTIN_FILAMENT_ORGANIZATION	GO_ACTIN_FILAMENT_ORGANIZATION		32	0.25364345	1.28093	0.16117217	0.31350037	1.0	272	tags=59%, list=35%, signal=88%	
GO_MITOCHONDRIAL_MEMBRANE_ORGANIZATION	GO_MITOCHONDRIAL_MEMBRANE_ORGANIZATION		24	0.2722982	1.2731808	0.17041801	0.3219185	1.0	189	tags=46%, list=25%, signal=59%	
GO_REGULATION_OF_CELL_POPULATION_PROLIFERATION	GO_REGULATION_OF_CELL_POPULATION_PROLIFERATION		106	0.1908663	1.2728307	0.06521739	0.32055208	1.0	81	tags=19%, list=11%, signal=18%	
GO_REGULATION_OF_INTRACELLULAR_TRANSPORT	GO_REGULATION_OF_INTRACELLULAR_TRANSPORT		21	0.3011657	1.2702179	0.19767442	0.32223335	1.0	164	tags=43%, list=21%, signal=53%	
GO_ACTIN_POLYMERIZATION_OR_DEPOLYMERIZATION	GO_ACTIN_POLYMERIZATION_OR_DEPOLYMERIZATION		16	0.3328022	1.2696222	0.18820225	0.3211546	1.0	37	tags=19%, list=5%, signal=19%	
GO_NEGATIVE_REGULATION_OF_RESPONSE_TO_STIMULUS	GO_NEGATIVE_REGULATION_OF_RESPONSE_TO_STIMULUS		104	0.19015965	1.2686481	0.13103448	0.3205819	1.0	121	tags=24%, list=16%, signal=25%	
GO_ORGANIC_CYCLIC_COMPOUND_CATABOLIC_PROCESS	GO_ORGANIC_CYCLIC_COMPOUND_CATABOLIC_PROCESS		69	0.20880093	1.2676785	0.14358975	0.32010004	1.0	49	tags=16%, list=6%, signal=15%	
GO_POSITIVE_REGULATION_OF_INTRACELLULAR_PROTEIN_TRANSPORT	GO_POSITIVE_REGULATION_OF_INTRACELLULAR_PROTEIN_TRANSPORT		16	0.33331597	1.264204	0.19122256	0.32318318	1.0	110	tags=38%, list=14%, signal=43%	
GO_REGULATION_OF_REACTIVE_OXYGEN_SPECIES_METABOLIC_PROCESS	GO_REGULATION_OF_REACTIVE_OXYGEN_SPECIES_METABOLIC_PROCESS		20	0.30286834	1.2634442	0.18484849	0.32230872	1.0	125	tags=35%, list=16%, signal=41%	
GO_ENDOTHELIAL_CELL_MIGRATION	GO_ENDOTHELIAL_CELL_MIGRATION		20	0.2913389	1.2538884	0.2005814	0.33350742	1.0	66	tags=25%, list=9%, signal=27%	
GO_REGULATION_OF_PROTEIN_LOCALIZATION	GO_REGULATION_OF_PROTEIN_LOCALIZATION		64	0.20488039	1.2536978	0.17021276	0.33195698	1.0	87	tags=22%, list=11%, signal=23%	
GO_RESPONSE_TO_KETONE	GO_RESPONSE_TO_KETONE		17	0.32507575	1.246822	0.2186589	0.3396259	1.0	74	tags=29%, list=10%, signal=32%	
GO_REGULATION_OF_PHOSPHORUS_METABOLIC_PROCESS	GO_REGULATION_OF_PHOSPHORUS_METABOLIC_PROCESS		93	0.18597776	1.2441804	0.14179105	0.34160194	1.0	121	tags=27%, list=16%, signal=28%	
GO_REGULATION_OF_MEMBRANE_POTENTIAL	GO_REGULATION_OF_MEMBRANE_POTENTIAL		25	0.277306	1.2414856	0.20489296	0.3434678	1.0	186	tags=48%, list=24%, signal=61%	
GO_BLOOD_VESSEL_MORPHOGENESIS	GO_BLOOD_VESSEL_MORPHOGENESIS		41	0.23992868	1.238479	0.21888413	0.34606028	1.0	192	tags=41%, list=25%, signal=52%	
GO_DNA_METABOLIC_PROCESS	GO_DNA_METABOLIC_PROCESS		24	0.26849753	1.2325997	0.19594595	0.3525645	1.0	413	tags=83%, list=54%, signal=174%	
GO_REGULATION_OF_ACTIN_FILAMENT_BASED_PROCESS	GO_REGULATION_OF_ACTIN_FILAMENT_BASED_PROCESS		33	0.25166756	1.231267	0.19117647	0.35266566	1.0	320	tags=70%, list=42%, signal=114%	
GO_POSITIVE_REGULATION_OF_TRANSFERASE_ACTIVITY	GO_POSITIVE_REGULATION_OF_TRANSFERASE_ACTIVITY		34	0.24043791	1.2252203	0.22222222	0.35922825	1.0	120	tags=29%, list=16%, signal=33%	
GO_REGULATION_OF_PHOSPHORYLATION	GO_REGULATION_OF_PHOSPHORYLATION		81	0.19561434	1.2246447	0.17006803	0.35823438	1.0	121	tags=28%, list=16%, signal=30%	
GO_CARBOHYDRATE_HOMEOSTASIS	GO_CARBOHYDRATE_HOMEOSTASIS		16	0.3153255	1.2204716	0.21818182	0.3624802	1.0	403	tags=88%, list=52%, signal=180%	
GO_REACTIVE_OXYGEN_SPECIES_METABOLIC_PROCESS	GO_REACTIVE_OXYGEN_SPECIES_METABOLIC_PROCESS		30	0.25088197	1.2146301	0.19503546	0.3690257	1.0	125	tags=33%, list=16%, signal=38%	
GO_REGULATION_OF_CELLULAR_COMPONENT_BIOGENESIS	GO_REGULATION_OF_CELLULAR_COMPONENT_BIOGENESIS		50	0.21569802	1.2133642	0.19067797	0.36884665	1.0	37	tags=12%, list=5%, signal=12%	
GO_TUBE_MORPHOGENESIS	GO_TUBE_MORPHOGENESIS		49	0.21710613	1.2086483	0.19642857	0.37383717	1.0	66	tags=20%, list=9%, signal=21%	
GO_GROWTH	GO_GROWTH		51	0.21058096	1.2077807	0.20444444	0.3731445	1.0	143	tags=33%, list=19%, signal=38%	
GO_REGULATION_OF_WOUND_HEALING	GO_REGULATION_OF_WOUND_HEALING		24	0.26470742	1.207227	0.2394822	0.37203842	1.0	275	tags=67%, list=36%, signal=101%	
GO_CELLULAR_RESPONSE_TO_TOXIC_SUBSTANCE	GO_CELLULAR_RESPONSE_TO_TOXIC_SUBSTANCE		22	0.27422684	1.202314	0.25524476	0.37724668	1.0	151	tags=41%, list=20%, signal=49%	
GO_CELL_ACTIVATION	GO_CELL_ACTIVATION		107	0.17968611	1.2017571	0.18518518	0.3761714	1.0	143	tags=28%, list=19%, signal=30%	
GO_LEUKOCYTE_PROLIFERATION	GO_LEUKOCYTE_PROLIFERATION		24	0.26962945	1.1990613	0.24752475	0.37845197	1.0	79	tags=25%, list=10%, signal=27%	
GO_POSITIVE_REGULATION_OF_ESTABLISHMENT_OF_PROTEIN_LOCALIZATION	GO_POSITIVE_REGULATION_OF_ESTABLISHMENT_OF_PROTEIN_LOCALIZATION		32	0.24139541	1.1875886	0.21428572	0.39452818	1.0	202	tags=44%, list=26%, signal=57%	
GO_REGULATION_OF_CELL_DEATH	GO_REGULATION_OF_CELL_DEATH		118	0.17428002	1.1844559	0.13178295	0.3974554	1.0	129	tags=25%, list=17%, signal=25%	
GO_CELLULAR_MODIFIED_AMINO_ACID_METABOLIC_PROCESS	GO_CELLULAR_MODIFIED_AMINO_ACID_METABOLIC_PROCESS		28	0.25737745	1.1832088	0.27960527	0.39747646	1.0	210	tags=50%, list=27%, signal=66%	
GO_CELLULAR_NITROGEN_COMPOUND_CATABOLIC_PROCESS	GO_CELLULAR_NITROGEN_COMPOUND_CATABOLIC_PROCESS		67	0.19251376	1.1829654	0.22110553	0.39589804	1.0	49	tags=15%, list=6%, signal=15%	
GO_REGULATION_OF_DNA_BINDING_TRANSCRIPTION_FACTOR_ACTIVITY	GO_REGULATION_OF_DNA_BINDING_TRANSCRIPTION_FACTOR_ACTIVITY		24	0.25780618	1.1814752	0.24764891	0.39628255	1.0	52	tags=17%, list=7%, signal=17%	
GO_REGULATION_OF_PROTEIN_MODIFICATION_PROCESS	GO_REGULATION_OF_PROTEIN_MODIFICATION_PROCESS		89	0.18342727	1.175963	0.256	0.4027593	1.0	121	tags=26%, list=16%, signal=27%	
GO_POSITIVE_REGULATION_OF_PEPTIDASE_ACTIVITY	GO_POSITIVE_REGULATION_OF_PEPTIDASE_ACTIVITY		18	0.29513508	1.1715738	0.23417722	0.40766847	1.0	192	tags=50%, list=25%, signal=65%	
GO_REGULATION_OF_METAL_ION_TRANSPORT	GO_REGULATION_OF_METAL_ION_TRANSPORT		20	0.2795624	1.1714544	0.23708206	0.40592194	1.0	73	tags=30%, list=9%, signal=32%	
GO_TISSUE_MIGRATION	GO_TISSUE_MIGRATION		28	0.25309688	1.1695348	0.25742576	0.40698406	1.0	66	tags=21%, list=9%, signal=23%	
GO_T_CELL_PROLIFERATION	GO_T_CELL_PROLIFERATION		16	0.30154833	1.1637155	0.234375	0.41376352	1.0	27	tags=19%, list=4%, signal=19%	
GO_POSITIVE_REGULATION_OF_CELLULAR_BIOSYNTHETIC_PROCESS	GO_POSITIVE_REGULATION_OF_CELLULAR_BIOSYNTHETIC_PROCESS		80	0.18426181	1.1634477	0.2366864	0.41227373	1.0	249	tags=49%, list=32%, signal=65%	
GO_POSITIVE_REGULATION_OF_PROTEIN_METABOLIC_PROCESS	GO_POSITIVE_REGULATION_OF_PROTEIN_METABOLIC_PROCESS		84	0.1857092	1.1569151	0.21818182	0.42072272	1.0	201	tags=40%, list=26%, signal=49%	
GO_REGULATION_OF_PROTEASOMAL_PROTEIN_CATABOLIC_PROCESS	GO_REGULATION_OF_PROTEASOMAL_PROTEIN_CATABOLIC_PROCESS		16	0.29861116	1.1554544	0.28611112	0.42113012	1.0	76	tags=25%, list=10%, signal=27%	
GO_POSITIVE_REGULATION_OF_PROTEIN_KINASE_ACTIVITY	GO_POSITIVE_REGULATION_OF_PROTEIN_KINASE_ACTIVITY		27	0.24288467	1.154285	0.28956228	0.42099625	1.0	120	tags=30%, list=16%, signal=34%	
GO_NEGATIVE_REGULATION_OF_IMMUNE_RESPONSE	GO_NEGATIVE_REGULATION_OF_IMMUNE_RESPONSE		15	0.3007067	1.1516188	0.28328612	0.42277724	1.0	94	tags=33%, list=12%, signal=37%	
GO_NEGATIVE_REGULATION_OF_PROTEIN_METABOLIC_PROCESS	GO_NEGATIVE_REGULATION_OF_PROTEIN_METABOLIC_PROCESS		77	0.18405166	1.1507573	0.26708075	0.4222523	1.0	212	tags=42%, list=28%, signal=52%	
GO_REGULATION_OF_TRANSPORTER_ACTIVITY	GO_REGULATION_OF_TRANSPORTER_ACTIVITY		18	0.27800217	1.1489198	0.26153848	0.4231859	1.0	97	tags=28%, list=13%, signal=31%	
GO_BIOLOGICAL_ADHESION	GO_BIOLOGICAL_ADHESION		97	0.1751868	1.1482892	0.23529412	0.42220333	1.0	85	tags=19%, list=11%, signal=18%	
GO_NEGATIVE_REGULATION_OF_CELL_DIFFERENTIATION	GO_NEGATIVE_REGULATION_OF_CELL_DIFFERENTIATION		37	0.22404084	1.1318828	0.28225806	0.44593334	1.0	187	tags=43%, list=24%, signal=54%	
GO_INTRINSIC_APOPTOTIC_SIGNALING_PATHWAY	GO_INTRINSIC_APOPTOTIC_SIGNALING_PATHWAY		30	0.2319089	1.1308907	0.31353134	0.44578764	1.0	121	tags=33%, list=16%, signal=38%	
GO_DETOXIFICATION	GO_DETOXIFICATION		24	0.247922	1.1241206	0.28478965	0.4547425	1.0	151	tags=38%, list=20%, signal=45%	
GO_POSITIVE_REGULATION_OF_APOPTOTIC_SIGNALING_PATHWAY	GO_POSITIVE_REGULATION_OF_APOPTOTIC_SIGNALING_PATHWAY		20	0.26673654	1.1208475	0.31791908	0.458	1.0	121	tags=35%, list=16%, signal=40%	
GO_PROCESS_UTILIZING_AUTOPHAGIC_MECHANISM	GO_PROCESS_UTILIZING_AUTOPHAGIC_MECHANISM		25	0.24079739	1.1189271	0.31428573	0.4590179	1.0	70	tags=20%, list=9%, signal=21%	
GO_RESPONSE_TO_ENDOGENOUS_STIMULUS	GO_RESPONSE_TO_ENDOGENOUS_STIMULUS		111	0.16392983	1.1185917	0.2642857	0.45752418	1.0	164	tags=31%, list=21%, signal=33%	
GO_SKELETAL_SYSTEM_DEVELOPMENT	GO_SKELETAL_SYSTEM_DEVELOPMENT		24	0.24724773	1.1095178	0.32068965	0.4704409	1.0	58	tags=21%, list=8%, signal=22%	
GO_AMEBOIDAL_TYPE_CELL_MIGRATION	GO_AMEBOIDAL_TYPE_CELL_MIGRATION		32	0.22477989	1.1084824	0.3202847	0.4702202	1.0	66	tags=19%, list=9%, signal=20%	
GO_REGULATION_OF_CYTOSKELETON_ORGANIZATION	GO_REGULATION_OF_CYTOSKELETON_ORGANIZATION		31	0.22301048	1.1072757	0.30714285	0.4700705	1.0	37	tags=13%, list=5%, signal=13%	
GO_REGULATION_OF_RESPONSE_TO_WOUNDING	GO_REGULATION_OF_RESPONSE_TO_WOUNDING		25	0.24398756	1.1054598	0.33223686	0.47123274	1.0	275	tags=64%, list=36%, signal=96%	
GO_CELLULAR_PROTEIN_CONTAINING_COMPLEX_ASSEMBLY	GO_CELLULAR_PROTEIN_CONTAINING_COMPLEX_ASSEMBLY		77	0.17047946	1.1050372	0.31284916	0.4699358	1.0	39	tags=10%, list=5%, signal=10%	
GO_UNSATURATED_FATTY_ACID_METABOLIC_PROCESS	GO_UNSATURATED_FATTY_ACID_METABOLIC_PROCESS		17	0.273853	1.1031929	0.33333334	0.47108552	1.0	105	tags=35%, list=14%, signal=40%	
GO_CELLULAR_AMIDE_METABOLIC_PROCESS	GO_CELLULAR_AMIDE_METABOLIC_PROCESS		120	0.1617618	1.1024877	0.32231405	0.47022632	1.0	173	tags=29%, list=22%, signal=32%	
GO_EMBRYONIC_ORGAN_DEVELOPMENT	GO_EMBRYONIC_ORGAN_DEVELOPMENT		20	0.26275212	1.0982305	0.31578946	0.4752766	1.0	145	tags=40%, list=19%, signal=48%	
GO_RESPONSE_TO_TOXIC_SUBSTANCE	GO_RESPONSE_TO_TOXIC_SUBSTANCE		33	0.21859634	1.0960896	0.36121672	0.47688422	1.0	125	tags=30%, list=16%, signal=35%	
GO_REGULATION_OF_ANATOMICAL_STRUCTURE_MORPHOGENESIS	GO_REGULATION_OF_ANATOMICAL_STRUCTURE_MORPHOGENESIS		70	0.17657578	1.0946585	0.3317757	0.4775165	1.0	296	tags=54%, list=38%, signal=80%	
GO_LYMPHOCYTE_DIFFERENTIATION	GO_LYMPHOCYTE_DIFFERENTIATION		17	0.27271676	1.0907037	0.3493976	0.48224807	1.0	27	tags=18%, list=4%, signal=18%	
GO_PROTEIN_MODIFICATION_BY_SMALL_PROTEIN_CONJUGATION_OR_REMOVAL	GO_PROTEIN_MODIFICATION_BY_SMALL_PROTEIN_CONJUGATION_OR_REMOVAL		37	0.21009156	1.0885577	0.3574297	0.48352277	1.0	88	tags=22%, list=11%, signal=23%	
GO_POSITIVE_REGULATION_OF_MULTICELLULAR_ORGANISMAL_PROCESS	GO_POSITIVE_REGULATION_OF_MULTICELLULAR_ORGANISMAL_PROCESS		102	0.16464315	1.0835434	0.3037037	0.48960453	1.0	143	tags=25%, list=19%, signal=27%	
GO_DEVELOPMENTAL_GROWTH	GO_DEVELOPMENTAL_GROWTH		31	0.2262272	1.0834081	0.32752612	0.4877723	1.0	278	tags=61%, list=36%, signal=92%	
GO_ESTABLISHMENT_OF_ORGANELLE_LOCALIZATION	GO_ESTABLISHMENT_OF_ORGANELLE_LOCALIZATION		19	0.26305094	1.0815748	0.34862384	0.4888648	1.0	47	tags=21%, list=6%, signal=22%	
GO_PHAGOCYTOSIS	GO_PHAGOCYTOSIS		22	0.24304634	1.077284	0.38153845	0.49432054	1.0	255	tags=55%, list=33%, signal=79%	
GO_RESPONSE_TO_INSULIN	GO_RESPONSE_TO_INSULIN		17	0.27051094	1.0769029	0.36526945	0.49287653	1.0	207	tags=53%, list=27%, signal=71%	
GO_POSITIVE_REGULATION_OF_RNA_BIOSYNTHETIC_PROCESS	GO_POSITIVE_REGULATION_OF_RNA_BIOSYNTHETIC_PROCESS		53	0.18509527	1.0739776	0.35622317	0.49610385	1.0	245	tags=47%, list=32%, signal=64%	
GO_REGULATION_OF_BINDING	GO_REGULATION_OF_BINDING		31	0.22093089	1.0702169	0.32740214	0.50010335	1.0	28	tags=13%, list=4%, signal=13%	
GO_MAINTENANCE_OF_LOCATION	GO_MAINTENANCE_OF_LOCATION		28	0.22037414	1.069169	0.35271317	0.49973843	1.0	73	tags=18%, list=9%, signal=19%	
GO_REGULATION_OF_ACTIN_FILAMENT_ORGANIZATION	GO_REGULATION_OF_ACTIN_FILAMENT_ORGANIZATION		22	0.24293657	1.0676088	0.39130434	0.50023955	1.0	272	tags=59%, list=35%, signal=89%	
GO_HEAD_DEVELOPMENT	GO_HEAD_DEVELOPMENT		37	0.20583187	1.0669496	0.3821138	0.49925992	1.0	72	tags=22%, list=9%, signal=23%	
GO_DIVALENT_INORGANIC_CATION_TRANSPORT	GO_DIVALENT_INORGANIC_CATION_TRANSPORT		29	0.2241167	1.0664865	0.41214058	0.4979956	1.0	73	tags=24%, list=9%, signal=26%	
GO_POSITIVE_REGULATION_OF_NUCLEOBASE_CONTAINING_COMPOUND_METABOLIC_PROCESS	GO_POSITIVE_REGULATION_OF_NUCLEOBASE_CONTAINING_COMPOUND_METABOLIC_PROCESS		66	0.17570966	1.0636228	0.4054054	0.5005878	1.0	209	tags=41%, list=27%, signal=51%	
GO_NEGATIVE_REGULATION_OF_CELL_DEATH	GO_NEGATIVE_REGULATION_OF_CELL_DEATH		80	0.16526431	1.056417	0.37804878	0.510553	1.0	129	tags=25%, list=17%, signal=27%	
GO_RESPONSE_TO_PEPTIDE	GO_RESPONSE_TO_PEPTIDE		35	0.20791914	1.0550475	0.38610038	0.51095206	1.0	210	tags=46%, list=27%, signal=60%	
GO_POSITIVE_REGULATION_OF_CELL_DEVELOPMENT	GO_POSITIVE_REGULATION_OF_CELL_DEVELOPMENT		25	0.2337007	1.0540469	0.4064516	0.5105185	1.0	340	tags=80%, list=44%, signal=139%	
GO_ORGANELLE_LOCALIZATION	GO_ORGANELLE_LOCALIZATION		24	0.24114652	1.0535126	0.40065145	0.5093295	1.0	91	tags=25%, list=12%, signal=27%	
GO_CELL_CELL_ADHESION_VIA_PLASMA_MEMBRANE_ADHESION_MOLECULES	GO_CELL_CELL_ADHESION_VIA_PLASMA_MEMBRANE_ADHESION_MOLECULES		20	0.24176446	1.0363597	0.41761363	0.5362581	1.0	85	tags=30%, list=11%, signal=33%	
GO_REGULATION_OF_INTRINSIC_APOPTOTIC_SIGNALING_PATHWAY	GO_REGULATION_OF_INTRINSIC_APOPTOTIC_SIGNALING_PATHWAY		25	0.22010635	1.0352935	0.4189189	0.5359702	1.0	121	tags=32%, list=16%, signal=37%	
GO_RESPONSE_TO_HYDROGEN_PEROXIDE	GO_RESPONSE_TO_HYDROGEN_PEROXIDE		17	0.25546217	1.0347341	0.43674698	0.534726	1.0	120	tags=29%, list=16%, signal=34%	
GO_REGENERATION	GO_REGENERATION		16	0.2667435	1.0325359	0.42507645	0.53607583	1.0	66	tags=25%, list=9%, signal=27%	
GO_MYELOID_CELL_DIFFERENTIATION	GO_MYELOID_CELL_DIFFERENTIATION		27	0.22133577	1.0310783	0.41455695	0.5364333	1.0	144	tags=33%, list=19%, signal=40%	
GO_REGULATION_OF_PROTEIN_LOCALIZATION_TO_MEMBRANE	GO_REGULATION_OF_PROTEIN_LOCALIZATION_TO_MEMBRANE		21	0.2465094	1.0298855	0.42946708	0.5364938	1.0	38	tags=19%, list=5%, signal=19%	
GO_REGULATION_OF_CELLULAR_COMPONENT_SIZE	GO_REGULATION_OF_CELLULAR_COMPONENT_SIZE		29	0.2177262	1.0261208	0.4385965	0.5410008	1.0	39	tags=14%, list=5%, signal=14%	
GO_LEUKOCYTE_DIFFERENTIATION	GO_LEUKOCYTE_DIFFERENTIATION		31	0.21139653	1.0242864	0.433213	0.5421439	1.0	28	tags=13%, list=4%, signal=13%	
GO_ORGANONITROGEN_COMPOUND_BIOSYNTHETIC_PROCESS	GO_ORGANONITROGEN_COMPOUND_BIOSYNTHETIC_PROCESS		168	0.14048041	1.0211761	0.4857143	0.54514813	1.0	62	tags=13%, list=8%, signal=11%	
GO_NEGATIVE_REGULATION_OF_SIGNALING	GO_NEGATIVE_REGULATION_OF_SIGNALING		89	0.16192397	1.0190338	0.4875	0.54662955	1.0	121	tags=22%, list=16%, signal=24%	
GO_TISSUE_MORPHOGENESIS	GO_TISSUE_MORPHOGENESIS		41	0.19110931	1.0132595	0.4275093	0.55422074	1.0	58	tags=15%, list=8%, signal=15%	
GO_REGULATION_OF_CYSTEINE_TYPE_ENDOPEPTIDASE_ACTIVITY	GO_REGULATION_OF_CYSTEINE_TYPE_ENDOPEPTIDASE_ACTIVITY		25	0.22009647	1.0103956	0.44444445	0.5568399	1.0	123	tags=32%, list=16%, signal=37%	
GO_RIBONUCLEOPROTEIN_COMPLEX_SUBUNIT_ORGANIZATION	GO_RIBONUCLEOPROTEIN_COMPLEX_SUBUNIT_ORGANIZATION		24	0.23356353	1.0082178	0.42675158	0.5587242	1.0	280	tags=54%, list=36%, signal=83%	
GO_REGULATION_OF_MEMBRANE_PERMEABILITY	GO_REGULATION_OF_MEMBRANE_PERMEABILITY		15	0.2636385	1.0043396	0.4293629	0.56333244	1.0	110	tags=33%, list=14%, signal=38%	
GO_RESPONSE_TO_ALCOHOL	GO_RESPONSE_TO_ALCOHOL		21	0.24253912	1.002069	0.46153846	0.56469476	1.0	214	tags=43%, list=28%, signal=58%	
GO_RESPONSE_TO_NITROGEN_COMPOUND	GO_RESPONSE_TO_NITROGEN_COMPOUND		80	0.15576619	1.0011188	0.47540984	0.56442225	1.0	145	tags=25%, list=19%, signal=28%	
GO_NEGATIVE_REGULATION_OF_PROTEIN_MODIFICATION_PROCESS	GO_NEGATIVE_REGULATION_OF_PROTEIN_MODIFICATION_PROCESS		40	0.19150473	0.99532306	0.47244096	0.57173115	1.0	220	tags=43%, list=29%, signal=56%	
GO_AGING	GO_AGING		24	0.21909082	0.99209726	0.5147541	0.5749784	1.0	120	tags=33%, list=16%, signal=38%	
GO_MITOTIC_CELL_CYCLE	GO_MITOTIC_CELL_CYCLE		42	0.18484418	0.9918327	0.452	0.57322556	1.0	271	tags=50%, list=35%, signal=73%	
GO_FAT_CELL_DIFFERENTIATION	GO_FAT_CELL_DIFFERENTIATION		15	0.2555517	0.9916686	0.45938376	0.5713564	1.0	172	tags=40%, list=22%, signal=51%	
GO_SEX_DIFFERENTIATION	GO_SEX_DIFFERENTIATION		18	0.24307238	0.98894864	0.47987616	0.5739343	1.0	324	tags=72%, list=42%, signal=122%	
GO_CELLULAR_PROTEIN_CATABOLIC_PROCESS	GO_CELLULAR_PROTEIN_CATABOLIC_PROCESS		36	0.19544213	0.9870146	0.4379562	0.57509625	1.0	76	tags=17%, list=10%, signal=18%	
GO_REGULATION_OF_CELL_MORPHOGENESIS	GO_REGULATION_OF_CELL_MORPHOGENESIS		28	0.20934531	0.9853641	0.43726236	0.5754774	1.0	296	tags=64%, list=38%, signal=101%	
GO_CELL_DIVISION	GO_CELL_DIVISION		20	0.23482977	0.98003507	0.49535602	0.58181965	1.0	305	tags=65%, list=40%, signal=105%	
GO_POSITIVE_REGULATION_OF_CELLULAR_PROTEIN_LOCALIZATION	GO_POSITIVE_REGULATION_OF_CELLULAR_PROTEIN_LOCALIZATION		33	0.2008214	0.97422284	0.5197133	0.58917546	1.0	286	tags=58%, list=37%, signal=88%	
GO_CELLULAR_RESPONSE_TO_ENDOGENOUS_STIMULUS	GO_CELLULAR_RESPONSE_TO_ENDOGENOUS_STIMULUS		80	0.15292282	0.9686076	0.5674157	0.5962183	1.0	164	tags=30%, list=21%, signal=34%	
GO_ADAPTIVE_IMMUNE_RESPONSE_BASED_ON_SOMATIC_RECOMBINATION_OF_IMMUNE_RECEPTORS_BUILT_FROM_IMMUNOGLOBULIN_SUPERFAMILY_DOMAINS	GO_ADAPTIVE_IMMUNE_RESPONSE_BASED_ON_SOMATIC_RECOMBINATION_OF_IMMUNE_RECEPTORS_BUILT_FROM_IMMUNOGLOBULIN_SUPERFAMILY_DOMAINS		15	0.25006393	0.9669053	0.48235294	0.5970049	1.0	9	tags=13%, list=1%, signal=13%	
GO_REPRODUCTIVE_SYSTEM_DEVELOPMENT	GO_REPRODUCTIVE_SYSTEM_DEVELOPMENT		32	0.19496228	0.9653183	0.51341	0.59743667	1.0	324	tags=63%, list=42%, signal=104%	
GO_RESPONSE_TO_REACTIVE_OXYGEN_SPECIES	GO_RESPONSE_TO_REACTIVE_OXYGEN_SPECIES		25	0.20972054	0.9587818	0.47972974	0.60621554	1.0	125	tags=28%, list=16%, signal=32%	
GO_REGULATION_OF_CELL_ACTIVATION	GO_REGULATION_OF_CELL_ACTIVATION		33	0.19377914	0.9571263	0.5037037	0.60686415	1.0	172	tags=36%, list=22%, signal=45%	
GO_RESPONSE_TO_TRANSFORMING_GROWTH_FACTOR_BETA	GO_RESPONSE_TO_TRANSFORMING_GROWTH_FACTOR_BETA		16	0.23542848	0.9481495	0.5219941	0.6193821	1.0	319	tags=69%, list=41%, signal=115%	
GO_REGULATION_OF_CELL_PROJECTION_ORGANIZATION	GO_REGULATION_OF_CELL_PROJECTION_ORGANIZATION		28	0.20011687	0.9458341	0.5518395	0.62100345	1.0	340	tags=68%, list=44%, signal=117%	
GO_REGULATION_OF_AUTOPHAGY	GO_REGULATION_OF_AUTOPHAGY		15	0.24609205	0.9432883	0.49717513	0.6229618	1.0	70	tags=27%, list=9%, signal=29%	
GO_MORPHOGENESIS_OF_AN_EPITHELIUM	GO_MORPHOGENESIS_OF_AN_EPITHELIUM		35	0.18850756	0.9411129	0.55719554	0.6242602	1.0	58	tags=14%, list=8%, signal=15%	
GO_ENDOPLASMIC_RETICULUM_TO_GOLGI_VESICLE_MEDIATED_TRANSPORT	GO_ENDOPLASMIC_RETICULUM_TO_GOLGI_VESICLE_MEDIATED_TRANSPORT		16	0.22576359	0.9023745	0.556196	0.6846236	1.0	598	tags=100%, list=78%, signal=440%	
GO_PHOSPHOLIPID_BIOSYNTHETIC_PROCESS	GO_PHOSPHOLIPID_BIOSYNTHETIC_PROCESS		16	0.22650221	0.901409	0.59530795	0.6838702	1.0	234	tags=56%, list=30%, signal=79%	
GO_PROTEASOMAL_PROTEIN_CATABOLIC_PROCESS	GO_PROTEASOMAL_PROTEIN_CATABOLIC_PROCESS		30	0.1877328	0.9006134	0.6115108	0.6827756	1.0	76	tags=17%, list=10%, signal=18%	
GO_RESPONSE_TO_RADIATION	GO_RESPONSE_TO_RADIATION		24	0.20245862	0.89430535	0.60703814	0.69049776	1.0	159	tags=33%, list=21%, signal=41%	
GO_CELL_CYCLE_PROCESS	GO_CELL_CYCLE_PROCESS		58	0.15196194	0.8937484	0.64248705	0.6889384	1.0	110	tags=21%, list=14%, signal=22%	
GO_SYMBIOTIC_PROCESS	GO_SYMBIOTIC_PROCESS		101	0.131996	0.88082826	0.6484375	0.7067934	1.0	49	tags=12%, list=6%, signal=11%	
GO_PROTEIN_CATABOLIC_PROCESS	GO_PROTEIN_CATABOLIC_PROCESS		46	0.1633967	0.8797381	0.6844444	0.7060752	1.0	143	tags=24%, list=19%, signal=28%	
GO_REGULATION_OF_CATION_TRANSMEMBRANE_TRANSPORT	GO_REGULATION_OF_CATION_TRANSMEMBRANE_TRANSPORT		20	0.21133503	0.87668437	0.65625	0.70850885	1.0	97	tags=25%, list=13%, signal=28%	
GO_DIVALENT_INORGANIC_CATION_HOMEOSTASIS	GO_DIVALENT_INORGANIC_CATION_HOMEOSTASIS		26	0.18675485	0.8667944	0.6363636	0.72195816	1.0	277	tags=54%, list=36%, signal=81%	
GO_UROGENITAL_SYSTEM_DEVELOPMENT	GO_UROGENITAL_SYSTEM_DEVELOPMENT		22	0.1942451	0.86113375	0.6708075	0.7284979	1.0	33	tags=14%, list=4%, signal=14%	
GO_METAL_ION_HOMEOSTASIS	GO_METAL_ION_HOMEOSTASIS		36	0.16447076	0.8412013	0.67330676	0.75597465	1.0	193	tags=39%, list=25%, signal=49%	
GO_IMMUNE_SYSTEM_DEVELOPMENT	GO_IMMUNE_SYSTEM_DEVELOPMENT		59	0.14269847	0.8367288	0.7393162	0.76010555	1.0	28	tags=8%, list=4%, signal=8%	
GO_RIBOSE_PHOSPHATE_BIOSYNTHETIC_PROCESS	GO_RIBOSE_PHOSPHATE_BIOSYNTHETIC_PROCESS		26	0.18632735	0.8354815	0.68135595	0.7595377	1.0	31	tags=12%, list=4%, signal=12%	
GO_POSITIVE_REGULATION_OF_SUPRAMOLECULAR_FIBER_ORGANIZATION	GO_POSITIVE_REGULATION_OF_SUPRAMOLECULAR_FIBER_ORGANIZATION		18	0.20475899	0.82737136	0.6902655	0.76894075	1.0	202	tags=44%, list=26%, signal=59%	
GO_POSITIVE_REGULATION_OF_CELL_DIFFERENTIATION	GO_POSITIVE_REGULATION_OF_CELL_DIFFERENTIATION		59	0.13416967	0.818105	0.7625571	0.779541	1.0	340	tags=64%, list=44%, signal=107%	
GO_NEGATIVE_REGULATION_OF_INTRACELLULAR_SIGNAL_TRANSDUCTION	GO_NEGATIVE_REGULATION_OF_INTRACELLULAR_SIGNAL_TRANSDUCTION		41	0.1524545	0.81743073	0.7121212	0.7778476	1.0	121	tags=22%, list=16%, signal=25%	
GO_CELL_CYCLE	GO_CELL_CYCLE		79	0.13259941	0.8152947	0.8097826	0.7781891	1.0	193	tags=30%, list=25%, signal=36%	
GO_POSITIVE_REGULATION_OF_BINDING	GO_POSITIVE_REGULATION_OF_BINDING		18	0.20777191	0.8108971	0.69602275	0.78189343	1.0	131	tags=28%, list=17%, signal=33%	
GO_NUCLEOSIDE_TRIPHOSPHATE_BIOSYNTHETIC_PROCESS	GO_NUCLEOSIDE_TRIPHOSPHATE_BIOSYNTHETIC_PROCESS		15	0.20836286	0.8102861	0.7336956	0.78012496	1.0	31	tags=13%, list=4%, signal=14%	
GO_RIBONUCLEOSIDE_TRIPHOSPHATE_METABOLIC_PROCESS	GO_RIBONUCLEOSIDE_TRIPHOSPHATE_METABOLIC_PROCESS		15	0.20836286	0.7980419	0.6963788	0.7944504	1.0	31	tags=13%, list=4%, signal=14%	
GO_RIBONUCLEOSIDE_TRIPHOSPHATE_BIOSYNTHETIC_PROCESS	GO_RIBONUCLEOSIDE_TRIPHOSPHATE_BIOSYNTHETIC_PROCESS		15	0.20836286	0.79266816	0.74857146	0.7993304	1.0	31	tags=13%, list=4%, signal=14%	
GO_REPRODUCTION	GO_REPRODUCTION		69	0.13290426	0.78313595	0.81609195	0.8096857	1.0	120	tags=22%, list=16%, signal=23%	
GO_DEVELOPMENTAL_PROCESS_INVOLVED_IN_REPRODUCTION	GO_DEVELOPMENTAL_PROCESS_INVOLVED_IN_REPRODUCTION		50	0.13845907	0.77669835	0.7952381	0.81594133	1.0	142	tags=24%, list=18%, signal=28%	
GO_REGULATION_OF_PROTEIN_BINDING	GO_REGULATION_OF_PROTEIN_BINDING		17	0.19376841	0.7759724	0.748538	0.8142336	1.0	28	tags=12%, list=4%, signal=12%	
GO_NUCLEOSIDE_TRIPHOSPHATE_METABOLIC_PROCESS	GO_NUCLEOSIDE_TRIPHOSPHATE_METABOLIC_PROCESS		16	0.19315912	0.7636747	0.7417582	0.8274866	1.0	31	tags=13%, list=4%, signal=13%	
GO_PURINE_NUCLEOSIDE_TRIPHOSPHATE_METABOLIC_PROCESS	GO_PURINE_NUCLEOSIDE_TRIPHOSPHATE_METABOLIC_PROCESS		16	0.19315912	0.75911343	0.7768595	0.83068365	1.0	31	tags=13%, list=4%, signal=13%	
GO_DEVELOPMENT_OF_PRIMARY_SEXUAL_CHARACTERISTICS	GO_DEVELOPMENT_OF_PRIMARY_SEXUAL_CHARACTERISTICS		16	0.18851031	0.7544447	0.7729885	0.8341697	1.0	324	tags=69%, list=42%, signal=116%	
GO_MODIFICATION_DEPENDENT_MACROMOLECULE_CATABOLIC_PROCESS	GO_MODIFICATION_DEPENDENT_MACROMOLECULE_CATABOLIC_PROCESS		28	0.1636863	0.75228024	0.78571427	0.8342422	1.0	76	tags=14%, list=10%, signal=15%	
GO_REGULATION_OF_CELL_CYCLE_PROCESS	GO_REGULATION_OF_CELL_CYCLE_PROCESS		39	0.1418597	0.73065305	0.8289963	0.8563543	1.0	110	tags=21%, list=14%, signal=23%	
GO_CELLULAR_ION_HOMEOSTASIS	GO_CELLULAR_ION_HOMEOSTASIS		40	0.13668732	0.7269484	0.82329315	0.8576826	1.0	193	tags=35%, list=25%, signal=44%	
GO_REGULATION_OF_MITOTIC_CELL_CYCLE	GO_REGULATION_OF_MITOTIC_CELL_CYCLE		34	0.14034273	0.72261536	0.8422939	0.8600578	1.0	132	tags=24%, list=17%, signal=27%	
GO_PROTEIN_MODIFICATION_BY_SMALL_PROTEIN_CONJUGATION	GO_PROTEIN_MODIFICATION_BY_SMALL_PROTEIN_CONJUGATION		33	0.14494786	0.72204185	0.84727275	0.85808426	1.0	88	tags=18%, list=11%, signal=20%	
GO_GOLGI_VESICLE_TRANSPORT	GO_GOLGI_VESICLE_TRANSPORT		21	0.16189507	0.708463	0.8367953	0.8703681	1.0	598	tags=95%, list=78%, signal=417%	
GO_MICROTUBULE_CYTOSKELETON_ORGANIZATION	GO_MICROTUBULE_CYTOSKELETON_ORGANIZATION		17	0.17799686	0.7050429	0.8169014	0.87088674	1.0	320	tags=65%, list=42%, signal=108%	
GO_CELL_CYCLE_PHASE_TRANSITION	GO_CELL_CYCLE_PHASE_TRANSITION		31	0.14187929	0.69586116	0.8442029	0.8776716	1.0	172	tags=29%, list=22%, signal=36%	
GO_PHOSPHOLIPID_METABOLIC_PROCESS	GO_PHOSPHOLIPID_METABOLIC_PROCESS		22	0.15151379	0.6486309	0.90657437	0.9192079	1.0	167	tags=36%, list=22%, signal=45%	
GO_REGULATION_OF_CELL_CYCLE	GO_REGULATION_OF_CELL_CYCLE		61	0.110440254	0.6467225	0.92718446	0.91811097	1.0	110	tags=16%, list=14%, signal=18%	
GO_RESPONSE_TO_MONOSACCHARIDE	GO_RESPONSE_TO_MONOSACCHARIDE		17	0.16233335	0.6462609	0.8811594	0.91555184	1.0	73	tags=18%, list=9%, signal=19%	
GO_RIBOSE_PHOSPHATE_METABOLIC_PROCESS	GO_RIBOSE_PHOSPHATE_METABOLIC_PROCESS		44	0.11634362	0.6304539	0.9243028	0.92561734	1.0	99	tags=16%, list=13%, signal=17%	
GO_NEGATIVE_REGULATION_OF_PHOSPHORUS_METABOLIC_PROCESS	GO_NEGATIVE_REGULATION_OF_PHOSPHORUS_METABOLIC_PROCESS		35	0.1230405	0.6297184	0.9031008	0.92337143	1.0	248	tags=43%, list=32%, signal=60%	
GO_CELLULAR_HOMEOSTASIS	GO_CELLULAR_HOMEOSTASIS		62	0.10859032	0.6198999	0.953125	0.92794305	1.0	120	tags=21%, list=16%, signal=23%	
GO_MITOCHONDRIAL_TRANSMEMBRANE_TRANSPORT	GO_MITOCHONDRIAL_TRANSMEMBRANE_TRANSPORT		16	0.14963463	0.5777773	0.9497207	0.9533662	1.0	81	tags=19%, list=11%, signal=21%	
GO_NEGATIVE_REGULATION_OF_NUCLEOBASE_CONTAINING_COMPOUND_METABOLIC_PROCESS	GO_NEGATIVE_REGULATION_OF_NUCLEOBASE_CONTAINING_COMPOUND_METABOLIC_PROCESS		50	0.09817704	0.55108017	0.95132744	0.9649797	1.0	669	tags=98%, list=87%, signal=705%	
GO_TRANSMEMBRANE_RECEPTOR_PROTEIN_SERINE_THREONINE_KINASE_SIGNALING_PATHWAY	GO_TRANSMEMBRANE_RECEPTOR_PROTEIN_SERINE_THREONINE_KINASE_SIGNALING_PATHWAY		16	0.13416605	0.50505793	0.96755165	0.9801592	1.0	419	tags=75%, list=54%, signal=161%	
